<?xml version="1.0" encoding="UTF-8" standalone="no"?>
<LoganContent xmlns="http://www.oracle.com/DataCenter/LogAnalyticsStd" content_version="3.110.2.0.0" name="content_ocid1.tenancy.oc1..aaaaaaaa53uu2d7z77v44jhvjsinojzsxjroeutt3ty5wqhp46izfg4o7pda_1753965844609" oms_version="3.110.2.0.0">
   <Field oms_version="3.110.2.0.0">
      <DisplayName>Month</DisplayName>
      <Description>month</Description>
      <FieldType>1</FieldType>
      <IsSystem>0</IsSystem>
      <IsPrimary>1</IsPrimary>
      <DataType>STRING</DataType>
      <IsMetricKeyEligible>0</IsMetricKeyEligible>
      <IsMetricValueEligible>0</IsMetricValueEligible>
      <FacetEligible>1</FacetEligible>
      <RangeFacetEligible>0</RangeFacetEligible>
      <TableEligible>1</TableEligible>
      <FacetPriority>1</FacetPriority>
      <Summarizable>1</Summarizable>
      <HighCardinality>1</HighCardinality>
      <LargeData>0</LargeData>
      <MultiValued>1</MultiValued>
      <SMAEnabledSetting>0</SMAEnabledSetting>
   </Field>
   <Parser oms_version="3.110.2.0.0" tokenize_orig_text="1" type="0">
      <Name>custom_log</Name>
      <DisplayName>custom_log</DisplayName>
      <Description>custom log </Description>
      <ParserContent>\[([^\]]+)\]\s+([^\s]+)\s+(\d+)-([^-]+)-(\d+)-(\d+)-(\d+)-(\d+)-(\d+)\s+\[([^\]]+)\]\s+([^-]+)(\d+)-\s+([^\s]+.*)\s+.*</ParserContent>
      <IsSingleLineContent>0</IsSingleLineContent>
      <HeaderContent>\[([^\]]+)\]\s+([^\s]+)\s+(\d+)</HeaderContent>
      <ExampleContent>[ERROR] wfctestedd 2025-04-10-09-47-14-077 [https-openssl-apr-8443-exec-74] com.exterro.fusion.fuszeta.core.webservice.server.resources.CPAuthorizationResource 222-  accessToken from header:  
[ERROR] wfctestedd 2025-04-10-09-47-14-077 [https-openssl-apr-8443-exec-74] com.exterro.fusion.fuszeta.core.webservice.server.resources.CPAuthorizationResource 225-  accessToken from params: null
[ERROR] wfctestedd 2025-04-10-09-47-14-077 [https-openssl-apr-8443-exec-74] com.exterro.fusion.fuszeta.core.webservice.server.resources.CPAuthorizationResource 279-  Access token: null
[ERROR] wfctestedd 2025-04-10-09-47-14-078 [https-openssl-apr-8443-exec-74] com.exterro.fusion.fuszeta.core.webservice.server.resources.CPAuthorizationResource 290-  Exception occurred in Deserialization : org.apache.commons.lang.SerializationException: java.io.EOFException
[ERROR] wfctestedd 2025-04-10-09-47-14-091 [https-openssl-apr-8443-exec-74] com.exterro.fusion.fuszeta.core.webservice.server.resources.CPAuthorizationResource 86-  Error occurred
java.lang.NullPointerException: null
at com.exterro.fusion.core.common.api.entity.resource.FusionAPIEntityResource.authenticate(FusionAPIEntityResource.java:315) ~[coreAPI.jar:branches/release.03.20.2025]
at com.exterro.fusion.core.common.api.entity.resource.FusionAPIEntityResource.&lt;init&gt;(FusionAPIEntityResource.java:79) [coreAPI.jar:branches/release.03.20.2025]
at com.exterro.fusion.fuszeta.core.webservice.server.resources.CPAuthorizationResource.&lt;init&gt;(CPAuthorizationResource.java:144) [fuszeta.jar:branches/release.03.20.2025]
at sun.reflect.GeneratedConstructorAccessor1100.newInstance(Unknown Source) [?:1.8.0_442]
at sun.reflect.DelegatingConstructorAccessorImpl.newInstance(DelegatingConstructorAccessorImpl.java:45) [?:1.8.0_442]
at java.lang.reflect.Constructor.newInstance(Constructor.java:423) [?:1.8.0_442]
at com.sun.jersey.server.spi.component.ResourceComponentConstructor._construct(ResourceComponentConstructor.java:253) [jersey-bundle-1.19.4.jar:1.19.4]
at com.sun.jersey.server.spi.component.ResourceComponentConstructor.construct(ResourceComponentConstructor.java:233) [jersey-bundle-1.19.4.jar:1.19.4]
at com.sun.jersey.server.impl.resource.PerRequestFactory$PerRequest._getInstance(PerRequestFactory.java:182) [jersey-bundle-1.19.4.jar:1.19.4]
at com.sun.jersey.server.impl.resource.PerRequestFactory$AbstractPerRequest.getInstance(PerRequestFactory.java:144) [jersey-bundle-1.19.4.jar:1.19.4]
at com.sun.jersey.server.impl.application.WebApplicationContext.getResource(WebApplicationContext.java:239) [jersey-bundle-1.19.4.jar:1.19.4]
at com.sun.jersey.server.impl.uri.rules.ResourceClassRule.accept(ResourceClassRule.java:83) [jersey-bundle-1.19.4.jar:1.19.4]
at com.sun.jersey.server.impl.uri.rules.RightHandPathRule.accept(RightHandPathRule.java:147) [jersey-bundle-1.19.4.jar:1.19.4]
at com.sun.jersey.server.impl.uri.rules.RootResourceClassesRule.accept(RootResourceClassesRule.java:84) [jersey-bundle-1.19.4.jar:1.19.4]
at com.sun.jersey.server.impl.application.WebApplicationImpl._handleRequest(WebApplicationImpl.java:1542) [jersey-bundle-1.19.4.jar:1.19.4]
at com.sun.jersey.server.impl.application.WebApplicationImpl._handleRequest(WebApplicationImpl.java:1473) [jersey-bundle-1.19.4.jar:1.19.4]
at com.sun.jersey.server.impl.application.WebApplicationImpl.handleRequest(WebApplicationImpl.java:1419) [jersey-bundle-1.19.4.jar:1.19.4]
at com.sun.jersey.server.impl.application.WebApplicationImpl.handleRequest(WebApplicationImpl.java:1409) [jersey-bundle-1.19.4.jar:1.19.4]
at com.sun.jersey.spi.container.servlet.WebComponent.service(WebComponent.java:409) [jersey-bundle-1.19.4.jar:1.19.4]
at com.sun.jersey.spi.container.servlet.ServletContainer.service(ServletContainer.java:558) [jersey-bundle-1.19.4.jar:1.19.4]
at com.sun.jersey.spi.container.servlet.ServletContainer.service(ServletContainer.java:733) [jersey-bundle-1.19.4.jar:1.19.4]
at javax.servlet.http.HttpServlet.service(HttpServlet.java:623) [servlet-api.jar:4.0.FR]
at org.apache.catalina.core.ApplicationFilterChain.internalDoFilter(ApplicationFilterChain.java:199) [catalina.jar:9.0.100]
at org.apache.catalina.core.ApplicationFilterChain.doFilter(ApplicationFilterChain.java:144) [catalina.jar:9.0.100]
at org.apache.tomcat.websocket.server.WsFilter.doFilter(WsFilter.java:51) [tomcat-websocket.jar:9.0.100]
at org.apache.catalina.core.ApplicationFilterChain.internalDoFilter(ApplicationFilterChain.java:168) [catalina.jar:9.0.100]
at org.apache.catalina.core.ApplicationFilterChain.doFilter(ApplicationFilterChain.java:144) [catalina.jar:9.0.100]
at org.apache.catalina.filters.HttpHeaderSecurityFilter.doFilter(HttpHeaderSecurityFilter.java:129) [catalina.jar:9.0.100]
at org.apache.catalina.core.ApplicationFilterChain.internalDoFilter(ApplicationFilterChain.java:168) [catalina.jar:9.0.100]
at org.apache.catalina.core.ApplicationFilterChain.doFilter(ApplicationFilterChain.java:144) [catalina.jar:9.0.100]
at com.exterro.fusion.web.util.security.CryoAuthenticationFilter.doFilter(CryoAuthenticationFilter.java:61) [coreSecurity.jar:branches/release.03.20.2025]
at org.apache.catalina.core.ApplicationFilterChain.internalDoFilter(ApplicationFilterChain.java:168) [catalina.jar:9.0.100]
at org.apache.catalina.core.ApplicationFilterChain.doFilter(ApplicationFilterChain.java:144) [catalina.jar:9.0.100]
at com.exterro.fusion.web.util.security.SAMLAuthenticationFilter.doFilter(SAMLAuthenticationFilter.java:316) [coreSecurity.jar:branches/release.03.20.2025]
at org.apache.catalina.core.ApplicationFilterChain.internalDoFilter(ApplicationFilterChain.java:168) [catalina.jar:9.0.100]
at org.apache.catalina.core.ApplicationFilterChain.doFilter(ApplicationFilterChain.java:144) [catalina.jar:9.0.100]
at org.apache.catalina.core.StandardWrapperValve.invoke(StandardWrapperValve.java:168) [catalina.jar:9.0.100]
at org.apache.catalina.core.StandardContextValve.invoke(StandardContextValve.java:90) [catalina.jar:9.0.100]
at org.apache.catalina.authenticator.AuthenticatorBase.invoke(AuthenticatorBase.java:482) [catalina.jar:9.0.100]
at org.apache.catalina.core.StandardHostValve.invoke(StandardHostValve.java:130) [catalina.jar:9.0.100]
at org.apache.catalina.valves.ErrorReportValve.invoke(ErrorReportValve.java:93) [catalina.jar:9.0.100]
at org.apache.catalina.valves.AbstractAccessLogValve.invoke(AbstractAccessLogValve.java:660) [catalina.jar:9.0.100]
at org.apache.catalina.core.StandardEngineValve.invoke(StandardEngineValve.java:74) [catalina.jar:9.0.100]
at org.apache.catalina.connector.CoyoteAdapter.service(CoyoteAdapter.java:346) [catalina.jar:9.0.100]
at org.apache.coyote.http11.Http11Processor.service(Http11Processor.java:396) [tomcat-coyote.jar:9.0.100]
at org.apache.coyote.AbstractProcessorLight.process(AbstractProcessorLight.java:63) [tomcat-coyote.jar:9.0.100]
at org.apache.coyote.AbstractProtocol$ConnectionHandler.process(AbstractProtocol.java:937) [tomcat-coyote.jar:9.0.100]
at org.apache.tomcat.util.net.AprEndpoint$SocketProcessor.doRun(AprEndpoint.java:2165) [tomcat-coyote.jar:9.0.100]
at org.apache.tomcat.util.net.SocketProcessorBase.run(SocketProcessorBase.java:52) [tomcat-coyote.jar:9.0.100]
at org.apache.tomcat.util.threads.ThreadPoolExecutor.runWorker(ThreadPoolExecutor.java:1190) [tomcat-util.jar:9.0.100]
at org.apache.tomcat.util.threads.ThreadPoolExecutor$Worker.run(ThreadPoolExecutor.java:659) [tomcat-util.jar:9.0.100]
at org.apache.tomcat.util.threads.TaskThread$WrappingRunnable.run(TaskThread.java:63) [tomcat-util.jar:9.0.100]
at java.lang.Thread.run(Thread.java:750) [?:1.8.0_442]
[ERROR] wfctestedd 2025-04-10-09-47-14-092 [https-openssl-apr-8443-exec-74] com.exterro.fusion.fuszeta.core.webservice.server.resources.CPAuthorizationResource 180-  getToken (authRequest)--&gt; {"request":"sxLVp8prQDoo8lmrPSszOuJBJydSi2OuPAMr5TVBDtU=","SAML-Auth":null,"SAMLResponse":null,"isFromNewCP":true}</ExampleContent>
      <IsSystem>0</IsSystem>
      <Encoding>UTF-8</Encoding>
      <Language>en_US</Language>
      <ParserFields>
         <ParserField>
            <FieldSeq>12</FieldSeq>
            <FieldName>linenum</FieldName>
         </ParserField>
         <ParserField>
            <FieldSeq>8</FieldSeq>
            <FieldName>timesecond</FieldName>
         </ParserField>
         <ParserField>
            <FieldSeq>1</FieldSeq>
            <FieldName>sevlvl</FieldName>
         </ParserField>
         <ParserField>
            <FieldSeq>3</FieldSeq>
            <FieldName>timeyearlong</FieldName>
         </ParserField>
         <ParserField>
            <FieldSeq>11</FieldSeq>
            <FieldName>class</FieldName>
         </ParserField>
         <ParserField>
            <FieldSeq>2</FieldSeq>
            <FieldName>env</FieldName>
         </ParserField>
         <ParserField>
            <FieldSeq>6</FieldSeq>
            <FieldName>timehour24</FieldName>
         </ParserField>
         <ParserField>
            <FieldSeq>5</FieldSeq>
            <FieldName>timeday</FieldName>
         </ParserField>
         <ParserField>
            <FieldSeq>4</FieldSeq>
            <FieldName>udfsm1</FieldName>
         </ParserField>
         <ParserField>
            <FieldSeq>10</FieldSeq>
            <FieldName>thread</FieldName>
         </ParserField>
         <ParserField>
            <FieldSeq>13</FieldSeq>
            <FieldName>msg</FieldName>
         </ParserField>
         <ParserField>
            <FieldSeq>9</FieldSeq>
            <FieldName>timemsecond</FieldName>
         </ParserField>
         <ParserField>
            <FieldSeq>7</FieldSeq>
            <FieldName>timeminute</FieldName>
         </ParserField>
      </ParserFields>
      <WrittenOnce>0</WrittenOnce>
      <IsDefaultParser>1</IsDefaultParser>
   </Parser>
   <FieldNameMaps>
      <FieldNameMap>
         <Name>udfsm1</Name>
         <DisplayName>Month</DisplayName>
      </FieldNameMap>
   </FieldNameMaps>
</LoganContent>
